文件名,章节标记,文件名,章节标记
abh01m.mul.htm,a1,abh01a.att.htm,a1
abh01m.mul.htm,a2,abh01a.att.htm,a2
abh02m.mul.htm,a1,abh02a.att.htm,a1
abh03m1.mul.htm,a1,abh03a.att.htm,a1
abh03m2.mul.htm,a2,abh03a.att.htm,a2
abh03m2.mul.htm,a3,abh03a.att.htm,a3
abh03m3.mul.htm,a4,abh03a.att.htm,a4
abh03m4.mul.htm,a5,abh03a.att.htm,a5
abh03m4.mul.htm,a6,abh03a.att.htm,a6
abh03m4.mul.htm,a7,abh03a.att.htm,a7
abh03m4.mul.htm,a8,abh03a.att.htm,a8
abh03m4.mul.htm,a9,abh03a.att.htm,a9
abh03m5.mul.htm,a10,abh03a.att.htm,a10
abh03m5.mul.htm,a11,abh03a.att.htm,a11
abh03m5.mul.htm,a12,abh03a.att.htm,a12
abh03m6.mul.htm,a13,abh03a.att.htm,a13
abh03m6.mul.htm,a14,abh03a.att.htm,a14
abh03m7.mul.htm,a15,abh03a.att.htm,a15
abh03m7.mul.htm,a16,abh03a.att.htm,a16
abh03m7.mul.htm,a17,abh03a.att.htm,a17
abh03m7.mul.htm,a18,abh03a.att.htm,a18
abh03m7.mul.htm,a19,abh03a.att.htm,a19
s0101m.mul.htm,a1,s0101a.att.htm,a1
s0102m.mul.htm,a1,s0102a.att.htm,a1
s0103m.mul.htm,a1,s0103a.att.htm,a1
s0201m.mul.htm,a1,s0201a.att.htm,a1
s0202m.mul.htm,a1,s0202a.att.htm,a1
s0203m.mul.htm,a1,s0203a.att.htm,a1
s0301m.mul.htm,a1,s0301a.att.htm,a1
s0302m.mul.htm,a1,s0302a.att.htm,a1
s0303m.mul.htm,a1,s0303a.att.htm,a1
s0304m.mul.htm,a1,s0304a.att.htm,a1
s0305m.mul.htm,a1,s0305a.att.htm,a1
s0401m.mul.htm,a1,s0401a.att.htm,a1
s0402m1.mul.htm,a1,s0402a.att.htm,a1
s0402m2.mul.htm,a2,s0402a.att.htm,a2
s0402m3.mul.htm,a3,s0402a.att.htm,a3
s0403m1.mul.htm,a1,s0403a.att.htm,a1
s0403m2.mul.htm,a2,s0403a.att.htm,a2
s0403m3.mul.htm,a3,s0403a.att.htm,a3
s0404m1.mul.htm,a1,s0404a.att.htm,a1
s0404m2.mul.htm,a2,s0404a.att.htm,a2
s0404m3.mul.htm,a3,s0404a.att.htm,a3
s0404m4.mul.htm,a4,s0404a.att.htm,a4
s0501m.mul.htm,a1,s0501a.att.htm,a1
s0501m.mul.htm,a2,s0501a.att.htm,a2
s0501m.mul.htm,a3,s0501a.att.htm,a3
s0501m.mul.htm,a4,s0501a.att.htm,a4
s0501m.mul.htm,a5,s0501a.att.htm,a5
s0501m.mul.htm,a6,s0501a.att.htm,a6
s0501m.mul.htm,a7,s0501a.att.htm,a7
s0501m.mul.htm,a8,s0501a.att.htm,a8
s0501m.mul.htm,a9,s0501a.att.htm,a9
s0502m.mul.htm,a1,s0502a.att.htm,a1
s0503m.mul.htm,a1,s0503a.att.htm,a1
s0504m.mul.htm,a1,s0504a.att.htm,a1
s0505m.mul.htm,a1,s0505a.att.htm,a1
s0506m.mul.htm,a1,s0506a.att.htm,a1
s0507m.mul.htm,a1,s0507a.att.htm,a1
s0508m.mul.htm,a1,s0508a1.att.htm,a1
s0508m.mul.htm,a2,s0508a2.att.htm,a2
s0509m.mul.htm,a1,s0509a.att.htm,a1
s0510m1.mul.htm,kn10_1,s0510a.att.htm,kn10_1
s0510m1.mul.htm,kn10_2,s0510a.att.htm,kn10_2
s0510m1.mul.htm,kn10_3,s0510a.att.htm,kn10_3
s0510m1.mul.htm,kn10_4,s0510a.att.htm,kn10_4
s0510m1.mul.htm,kn10_5,s0510a.att.htm,kn10_5
s0510m1.mul.htm,kn10_6,s0510a.att.htm,kn10_6
s0510m1.mul.htm,kn10_7,s0510a.att.htm,kn10_7
s0510m1.mul.htm,kn10_8,s0510a.att.htm,kn10_8
s0510m1.mul.htm,kn10_9,s0510a.att.htm,kn10_9
s0510m1.mul.htm,kn10_10,s0510a.att.htm,kn10_10
s0510m1.mul.htm,kn10_11,s0510a.att.htm,kn10_11
s0510m1.mul.htm,kn10_12,s0510a.att.htm,kn10_12
s0510m1.mul.htm,kn10_13,s0510a.att.htm,kn10_13
s0510m1.mul.htm,kn10_14,s0510a.att.htm,kn10_14
s0510m1.mul.htm,kn10_15,s0510a.att.htm,kn10_15
s0510m1.mul.htm,kn10_16,s0510a.att.htm,kn10_16
s0510m1.mul.htm,kn10_17,s0510a.att.htm,kn10_17
s0510m1.mul.htm,kn10_18,s0510a.att.htm,kn10_18
s0510m1.mul.htm,kn10_19,s0510a.att.htm,kn10_19
s0510m1.mul.htm,kn10_20,s0510a.att.htm,kn10_20
s0510m1.mul.htm,kn10_21,s0510a.att.htm,kn10_21
s0510m1.mul.htm,kn10_22,s0510a.att.htm,kn10_22
s0510m1.mul.htm,kn10_23,s0510a.att.htm,kn10_23
s0510m1.mul.htm,kn10_24,s0510a.att.htm,kn10_24
s0510m1.mul.htm,kn10_25,s0510a.att.htm,kn10_25
s0510m1.mul.htm,kn10_26,s0510a.att.htm,kn10_26
s0510m1.mul.htm,kn10_27,s0510a.att.htm,kn10_27
s0510m1.mul.htm,kn10_28,s0510a.att.htm,kn10_28
s0510m1.mul.htm,kn10_29,s0510a.att.htm,kn10_29
s0510m1.mul.htm,kn10_30,s0510a.att.htm,kn10_30
s0510m1.mul.htm,kn10_31,s0510a.att.htm,kn10_31
s0510m1.mul.htm,kn10_32,s0510a.att.htm,kn10_32
s0510m1.mul.htm,kn10_33,s0510a.att.htm,kn10_33
s0510m1.mul.htm,kn10_34,s0510a.att.htm,kn10_34
s0510m1.mul.htm,kn10_35,s0510a.att.htm,kn10_35
s0510m1.mul.htm,kn10_36,s0510a.att.htm,kn10_36
s0510m1.mul.htm,kn10_37,s0510a.att.htm,kn10_37
s0510m1.mul.htm,kn10_38,s0510a.att.htm,kn10_38
s0510m1.mul.htm,kn10_39,s0510a.att.htm,kn10_39
s0510m1.mul.htm,kn10_40,s0510a.att.htm,kn10_40
s0510m1.mul.htm,kn10_41,s0510a.att.htm,kn10_41
s0510m1.mul.htm,kn10_42,s0510a.att.htm,kn10_42
s0510m2.mul.htm,kn10_43,s0510a.att.htm,kn10_43
s0510m2.mul.htm,kn10_44,s0510a.att.htm,kn10_44
s0510m2.mul.htm,kn10_45,s0510a.att.htm,kn10_45
s0510m2.mul.htm,kn10_46,s0510a.att.htm,kn10_46
s0510m2.mul.htm,kn10_47,s0510a.att.htm,kn10_47
s0510m2.mul.htm,kn10_48,s0510a.att.htm,kn10_48
s0510m2.mul.htm,kn10_49,s0510a.att.htm,kn10_49
s0510m2.mul.htm,kn10_50,s0510a.att.htm,kn10_50
s0510m2.mul.htm,kn10_51,s0510a.att.htm,kn10_51
s0510m2.mul.htm,kn10_52,s0510a.att.htm,kn10_52
s0510m2.mul.htm,kn10_53,s0510a.att.htm,kn10_53
s0510m2.mul.htm,kn10_54,s0510a.att.htm,kn10_54
s0510m2.mul.htm,kn10_55,s0510a.att.htm,kn10_55
s0510m2.mul.htm,kn10_56,s0510a.att.htm,kn10_56
s0511m.mul.htm,kn12_1,s0511a.att.htm,kn12_1
s0511m.mul.htm,kn12_2,s0511a.att.htm,kn12_2
s0511m.mul.htm,kn12_3,s0511a.att.htm,kn12_3
s0511m.mul.htm,kn12_4,s0511a.att.htm,kn12_4
s0511m.mul.htm,kn12_5,s0511a.att.htm,kn12_5
s0511m.mul.htm,kn12_6,s0511a.att.htm,kn12_6
s0511m.mul.htm,kn12_7,s0511a.att.htm,kn12_7
s0511m.mul.htm,kn12_8,s0511a.att.htm,kn12_8
s0511m.mul.htm,kn12_9,s0511a.att.htm,kn12_9
s0511m.mul.htm,kn12_10,s0511a.att.htm,kn12_10
s0511m.mul.htm,kn12_11,s0511a.att.htm,kn12_11
s0511m.mul.htm,kn12_12,s0511a.att.htm,kn12_12
s0511m.mul.htm,kn12_13,s0511a.att.htm,kn12_13
s0511m.mul.htm,kn12_14,s0511a.att.htm,kn12_14
s0511m.mul.htm,kn12_15,s0511a.att.htm,kn12_15
s0511m.mul.htm,kn12_16,s0511a.att.htm,kn12_16
s0511m.mul.htm,kn12_17,s0511a.att.htm,kn12_17
s0511m.mul.htm,kn12_18,s0511a.att.htm,kn12_18
s0511m.mul.htm,kn12_19,s0511a.att.htm,kn12_19
s0511m.mul.htm,kn12_20,s0511a.att.htm,kn12_20
s0511m.mul.htm,kn12_21,s0511a.att.htm,kn12_21
s0511m.mul.htm,kn12_22,s0511a.att.htm,kn12_22
s0511m.mul.htm,kn12_23,s0511a.att.htm,kn12_23
s0511m.mul.htm,kn12_24,s0511a.att.htm,kn12_24
s0511m.mul.htm,kn12_25,s0511a.att.htm,kn12_25
s0511m.mul.htm,kn12_26,s0511a.att.htm,kn12_26
s0511m.mul.htm,kn12_27,s0511a.att.htm,kn12_27
s0511m.mul.htm,kn12_28,s0511a.att.htm,kn12_28
s0512m.mul.htm,kn13_1,s0512a.att.htm,kn13_1
s0512m.mul.htm,kn13_2,s0512a.att.htm,kn13_2
s0512m.mul.htm,kn13_3,s0512a.att.htm,kn13_3
s0513m.mul.htm,kn14_1,s0513a1.att.htm,kn14_1
s0513m.mul.htm,kn14_2,s0513a2.att.htm,kn14_2
s0513m.mul.htm,kn14_3,s0513a2.att.htm,kn14_3
s0513m.mul.htm,kn14_4,s0513a3.att.htm,kn14_4
s0513m.mul.htm,kn14_5,s0513a3.att.htm,kn14_5
s0513m.mul.htm,kn14_6,s0513a3.att.htm,kn14_6
s0513m.mul.htm,kn14_7,s0513a3.att.htm,kn14_7
s0513m.mul.htm,kn14_8,s0513a3.att.htm,kn14_8
s0513m.mul.htm,kn14_9,s0513a3.att.htm,kn14_9
s0513m.mul.htm,kn14_10,s0513a4.att.htm,kn14_10
s0513m.mul.htm,kn14_11,s0513a4.att.htm,kn14_11
s0513m.mul.htm,kn14_12,s0513a4.att.htm,kn14_12
s0513m.mul.htm,kn14_13,s0513a4.att.htm,kn14_13
s0513m.mul.htm,kn14_14,s0513a4.att.htm,kn14_14
s0513m.mul.htm,kn14_15,s0513a4.att.htm,kn14_15
s0513m.mul.htm,kn14_16,s0513a4.att.htm,kn14_16
s0514m.mul.htm,kn14b_17,s0514a1.att.htm,kn14b_17
s0514m.mul.htm,kn14b_18,s0514a1.att.htm,kn14b_18
s0514m.mul.htm,kn14b_19,s0514a1.att.htm,kn14b_19
s0514m.mul.htm,kn14b_20,s0514a1.att.htm,kn14b_20
s0514m.mul.htm,kn14b_21,s0514a1.att.htm,kn14b_21
s0514m.mul.htm,kn14b_22,s0514a2.att.htm,kn14b_22
s0514m.mul.htm,kn14b_23,s0514a3.att.htm,kn14b_23
s0515m.mul.htm,a1,s0515a.att.htm,a1
s0516m.mul.htm,a1,s0516a.att.htm,a1
s0517m.mul.htm,a1,s0517a.att.htm,a1
s0517m.mul.htm,a2,s0517a.att.htm,a2
s0517m.mul.htm,a3,s0517a.att.htm,a3
s0517m.mul.htm,a4,s0517a.att.htm,a4
s0519m.mul.htm,a1,s0519a.att.htm,a1
s0519m.mul.htm,a2,s0519a.att.htm,a2
s0519m.mul.htm,a3,s0519a.att.htm,a3
vin01m.mul.htm,a1,vin01a.att.htm,a1
vin01m.mul.htm,a2,vin01a.att.htm,a2
vin02m1.mul.htm,a1,vin02a1.att.htm,a1
vin02m2.mul.htm,a2,vin02a2.att.htm,a2
vin02m3.mul.htm,a3,vin02a3.att.htm,a3
vin02m4.mul.htm,a4,vin02a4.att.htm,a4
abh01m.mul.htm,a1,abh01t.tik.htm,a1
abh01m.mul.htm,a2,abh01t.tik.htm,a2
abh02m.mul.htm,a1,abh02t.tik.htm,a1
abh03m1.mul.htm,a1,abh03t.tik.htm,a1
abh03m2.mul.htm,a2,abh03t.tik.htm,a2
abh03m2.mul.htm,a3,abh03t.tik.htm,a3
abh03m3.mul.htm,a4,abh03t.tik.htm,a4
abh03m4.mul.htm,a5,abh03t.tik.htm,a5
abh03m4.mul.htm,a6,abh03t.tik.htm,a6
abh03m4.mul.htm,a7,abh03t.tik.htm,a7
abh03m4.mul.htm,a8,abh03t.tik.htm,a8
abh03m4.mul.htm,a9,abh03t.tik.htm,a9
abh03m5.mul.htm,a10,abh03t.tik.htm,a10
abh03m5.mul.htm,a11,abh03t.tik.htm,a11
abh03m5.mul.htm,a12,abh03t.tik.htm,a12
abh03m6.mul.htm,a13,abh03t.tik.htm,a13
abh03m6.mul.htm,a14,abh03t.tik.htm,a14
abh03m7.mul.htm,a15,abh03t.tik.htm,a15
abh03m7.mul.htm,a16,abh03t.tik.htm,a16
abh03m7.mul.htm,a17,abh03t.tik.htm,a17
abh03m7.mul.htm,a18,abh03t.tik.htm,a18
abh03m8.mul.htm,a20,abh03t.tik.htm,a20
abh03m8.mul.htm,a21,abh03t.tik.htm,a21
s0101m.mul.htm,a1,s0101t.tik.htm,a1
s0102m.mul.htm,a1,s0102t.tik.htm,a1
s0103m.mul.htm,a1,s0103t.tik.htm,a1
s0201m.mul.htm,a1,s0201t.tik.htm,a1
s0202m.mul.htm,a1,s0202t.tik.htm,a1
s0203m.mul.htm,a1,s0203t.tik.htm,a1
s0301m.mul.htm,a1,s0301t.tik.htm,a1
s0302m.mul.htm,a1,s0302t.tik.htm,a1
s0303m.mul.htm,a1,s0303t.tik.htm,a1
s0304m.mul.htm,a1,s0304t.tik.htm,a1
s0305m.mul.htm,a1,s0305t.tik.htm,a1
s0401m.mul.htm,a1,s0401t.tik.htm,a1
s0402m1.mul.htm,a1,s0402t.tik.htm,a1
s0402m2.mul.htm,a2,s0402t.tik.htm,a2
s0402m3.mul.htm,a3,s0402t.tik.htm,a3
s0403m1.mul.htm,a1,s0403t.tik.htm,a1
s0403m2.mul.htm,a2,s0403t.tik.htm,a2
s0403m3.mul.htm,a3,s0403t.tik.htm,a3
s0404m1.mul.htm,a1,s0404t.tik.htm,a1
s0404m2.mul.htm,a2,s0404t.tik.htm,a2
s0404m3.mul.htm,a3,s0404t.tik.htm,a3
s0404m4.mul.htm,a4,s0404t.tik.htm,a4
s0519m.mul.htm,a1,s0519t.tik.htm,a1
s0519m.mul.htm,a2,s0519t.tik.htm,a2
s0519m.mul.htm,a3,s0519t.tik.htm,a3
vin01m.mul.htm,a1,vin01t1.tik.htm,a1
vin01m.mul.htm,a2,vin01t2.tik.htm,a2
vin02m1.mul.htm,a1,vin02t.tik.htm,a1
vin02m2.mul.htm,a2,vin02t.tik.htm,a2
vin02m3.mul.htm,a3,vin02t.tik.htm,a3
vin02m4.mul.htm,a4,vin02t.tik.htm,a4
abh01a.att.htm,a1,abh01m.mul.htm,a1
abh01a.att.htm,a2,abh01m.mul.htm,a2
abh02a.att.htm,a1,abh02m.mul.htm,a1
abh03a.att.htm,a1,abh03m1.mul.htm,a1
abh03a.att.htm,a2,abh03m2.mul.htm,a2
abh03a.att.htm,a3,abh03m2.mul.htm,a3
abh03a.att.htm,a4,abh03m3.mul.htm,a4
abh03a.att.htm,a5,abh03m4.mul.htm,a5
abh03a.att.htm,a6,abh03m4.mul.htm,a6
abh03a.att.htm,a7,abh03m4.mul.htm,a7
abh03a.att.htm,a8,abh03m4.mul.htm,a8
abh03a.att.htm,a9,abh03m4.mul.htm,a9
abh03a.att.htm,a10,abh03m5.mul.htm,a10
abh03a.att.htm,a11,abh03m5.mul.htm,a11
abh03a.att.htm,a12,abh03m5.mul.htm,a12
abh03a.att.htm,a13,abh03m6.mul.htm,a13
abh03a.att.htm,a14,abh03m6.mul.htm,a14
abh03a.att.htm,a15,abh03m7.mul.htm,a15
abh03a.att.htm,a16,abh03m7.mul.htm,a16
abh03a.att.htm,a17,abh03m7.mul.htm,a17
abh03a.att.htm,a18,abh03m7.mul.htm,a18
abh03a.att.htm,a19,abh03m7.mul.htm,a19
s0101a.att.htm,a1,s0101m.mul.htm,a1
s0102a.att.htm,a1,s0102m.mul.htm,a1
s0103a.att.htm,a1,s0103m.mul.htm,a1
s0201a.att.htm,a1,s0201m.mul.htm,a1
s0202a.att.htm,a1,s0202m.mul.htm,a1
s0203a.att.htm,a1,s0203m.mul.htm,a1
s0301a.att.htm,a1,s0301m.mul.htm,a1
s0302a.att.htm,a1,s0302m.mul.htm,a1
s0303a.att.htm,a1,s0303m.mul.htm,a1
s0304a.att.htm,a1,s0304m.mul.htm,a1
s0305a.att.htm,a1,s0305m.mul.htm,a1
s0401a.att.htm,a1,s0401m.mul.htm,a1
s0402a.att.htm,a1,s0402m1.mul.htm,a1
s0402a.att.htm,a2,s0402m2.mul.htm,a2
s0402a.att.htm,a3,s0402m3.mul.htm,a3
s0403a.att.htm,a1,s0403m1.mul.htm,a1
s0403a.att.htm,a2,s0403m2.mul.htm,a2
s0403a.att.htm,a3,s0403m3.mul.htm,a3
s0404a.att.htm,a1,s0404m1.mul.htm,a1
s0404a.att.htm,a2,s0404m2.mul.htm,a2
s0404a.att.htm,a3,s0404m3.mul.htm,a3
s0404a.att.htm,a4,s0404m4.mul.htm,a4
s0501a.att.htm,a1,s0501m.mul.htm,a1
s0501a.att.htm,a2,s0501m.mul.htm,a2
s0501a.att.htm,a3,s0501m.mul.htm,a3
s0501a.att.htm,a4,s0501m.mul.htm,a4
s0501a.att.htm,a5,s0501m.mul.htm,a5
s0501a.att.htm,a6,s0501m.mul.htm,a6
s0501a.att.htm,a7,s0501m.mul.htm,a7
s0501a.att.htm,a8,s0501m.mul.htm,a8
s0501a.att.htm,a9,s0501m.mul.htm,a9
s0502a.att.htm,a1,s0502m.mul.htm,a1
s0503a.att.htm,a1,s0503m.mul.htm,a1
s0504a.att.htm,a1,s0504m.mul.htm,a1
s0505a.att.htm,a1,s0505m.mul.htm,a1
s0506a.att.htm,a1,s0506m.mul.htm,a1
s0507a.att.htm,a1,s0507m.mul.htm,a1
s0508a1.att.htm,a1,s0508m.mul.htm,a1
s0508a2.att.htm,a2,s0508m.mul.htm,a2
s0509a.att.htm,a1,s0509m.mul.htm,a1
s0510a.att.htm,kn10_1,s0510m1.mul.htm,kn10_1
s0510a.att.htm,kn10_2,s0510m1.mul.htm,kn10_2
s0510a.att.htm,kn10_3,s0510m1.mul.htm,kn10_3
s0510a.att.htm,kn10_4,s0510m1.mul.htm,kn10_4
s0510a.att.htm,kn10_5,s0510m1.mul.htm,kn10_5
s0510a.att.htm,kn10_6,s0510m1.mul.htm,kn10_6
s0510a.att.htm,kn10_7,s0510m1.mul.htm,kn10_7
s0510a.att.htm,kn10_8,s0510m1.mul.htm,kn10_8
s0510a.att.htm,kn10_9,s0510m1.mul.htm,kn10_9
s0510a.att.htm,kn10_10,s0510m1.mul.htm,kn10_10
s0510a.att.htm,kn10_11,s0510m1.mul.htm,kn10_11
s0510a.att.htm,kn10_12,s0510m1.mul.htm,kn10_12
s0510a.att.htm,kn10_13,s0510m1.mul.htm,kn10_13
s0510a.att.htm,kn10_14,s0510m1.mul.htm,kn10_14
s0510a.att.htm,kn10_15,s0510m1.mul.htm,kn10_15
s0510a.att.htm,kn10_16,s0510m1.mul.htm,kn10_16
s0510a.att.htm,kn10_17,s0510m1.mul.htm,kn10_17
s0510a.att.htm,kn10_18,s0510m1.mul.htm,kn10_18
s0510a.att.htm,kn10_19,s0510m1.mul.htm,kn10_19
s0510a.att.htm,kn10_20,s0510m1.mul.htm,kn10_20
s0510a.att.htm,kn10_21,s0510m1.mul.htm,kn10_21
s0510a.att.htm,kn10_22,s0510m1.mul.htm,kn10_22
s0510a.att.htm,kn10_23,s0510m1.mul.htm,kn10_23
s0510a.att.htm,kn10_24,s0510m1.mul.htm,kn10_24
s0510a.att.htm,kn10_25,s0510m1.mul.htm,kn10_25
s0510a.att.htm,kn10_26,s0510m1.mul.htm,kn10_26
s0510a.att.htm,kn10_27,s0510m1.mul.htm,kn10_27
s0510a.att.htm,kn10_28,s0510m1.mul.htm,kn10_28
s0510a.att.htm,kn10_29,s0510m1.mul.htm,kn10_29
s0510a.att.htm,kn10_30,s0510m1.mul.htm,kn10_30
s0510a.att.htm,kn10_31,s0510m1.mul.htm,kn10_31
s0510a.att.htm,kn10_32,s0510m1.mul.htm,kn10_32
s0510a.att.htm,kn10_33,s0510m1.mul.htm,kn10_33
s0510a.att.htm,kn10_34,s0510m1.mul.htm,kn10_34
s0510a.att.htm,kn10_35,s0510m1.mul.htm,kn10_35
s0510a.att.htm,kn10_36,s0510m1.mul.htm,kn10_36
s0510a.att.htm,kn10_37,s0510m1.mul.htm,kn10_37
s0510a.att.htm,kn10_38,s0510m1.mul.htm,kn10_38
s0510a.att.htm,kn10_39,s0510m1.mul.htm,kn10_39
s0510a.att.htm,kn10_40,s0510m1.mul.htm,kn10_40
s0510a.att.htm,kn10_41,s0510m1.mul.htm,kn10_41
s0510a.att.htm,kn10_42,s0510m1.mul.htm,kn10_42
s0510a.att.htm,kn10_43,s0510m2.mul.htm,kn10_43
s0510a.att.htm,kn10_44,s0510m2.mul.htm,kn10_44
s0510a.att.htm,kn10_45,s0510m2.mul.htm,kn10_45
s0510a.att.htm,kn10_46,s0510m2.mul.htm,kn10_46
s0510a.att.htm,kn10_47,s0510m2.mul.htm,kn10_47
s0510a.att.htm,kn10_48,s0510m2.mul.htm,kn10_48
s0510a.att.htm,kn10_49,s0510m2.mul.htm,kn10_49
s0510a.att.htm,kn10_50,s0510m2.mul.htm,kn10_50
s0510a.att.htm,kn10_51,s0510m2.mul.htm,kn10_51
s0510a.att.htm,kn10_52,s0510m2.mul.htm,kn10_52
s0510a.att.htm,kn10_53,s0510m2.mul.htm,kn10_53
s0510a.att.htm,kn10_54,s0510m2.mul.htm,kn10_54
s0510a.att.htm,kn10_55,s0510m2.mul.htm,kn10_55
s0510a.att.htm,kn10_56,s0510m2.mul.htm,kn10_56
s0511a.att.htm,kn12_1,s0511m.mul.htm,kn12_1
s0511a.att.htm,kn12_2,s0511m.mul.htm,kn12_2
s0511a.att.htm,kn12_3,s0511m.mul.htm,kn12_3
s0511a.att.htm,kn12_4,s0511m.mul.htm,kn12_4
s0511a.att.htm,kn12_5,s0511m.mul.htm,kn12_5
s0511a.att.htm,kn12_6,s0511m.mul.htm,kn12_6
s0511a.att.htm,kn12_7,s0511m.mul.htm,kn12_7
s0511a.att.htm,kn12_8,s0511m.mul.htm,kn12_8
s0511a.att.htm,kn12_9,s0511m.mul.htm,kn12_9
s0511a.att.htm,kn12_10,s0511m.mul.htm,kn12_10
s0511a.att.htm,kn12_11,s0511m.mul.htm,kn12_11
s0511a.att.htm,kn12_12,s0511m.mul.htm,kn12_12
s0511a.att.htm,kn12_13,s0511m.mul.htm,kn12_13
s0511a.att.htm,kn12_14,s0511m.mul.htm,kn12_14
s0511a.att.htm,kn12_15,s0511m.mul.htm,kn12_15
s0511a.att.htm,kn12_16,s0511m.mul.htm,kn12_16
s0511a.att.htm,kn12_17,s0511m.mul.htm,kn12_17
s0511a.att.htm,kn12_18,s0511m.mul.htm,kn12_18
s0511a.att.htm,kn12_19,s0511m.mul.htm,kn12_19
s0511a.att.htm,kn12_20,s0511m.mul.htm,kn12_20
s0511a.att.htm,kn12_21,s0511m.mul.htm,kn12_21
s0511a.att.htm,kn12_22,s0511m.mul.htm,kn12_22
s0511a.att.htm,kn12_23,s0511m.mul.htm,kn12_23
s0511a.att.htm,kn12_24,s0511m.mul.htm,kn12_24
s0511a.att.htm,kn12_25,s0511m.mul.htm,kn12_25
s0511a.att.htm,kn12_26,s0511m.mul.htm,kn12_26
s0511a.att.htm,kn12_27,s0511m.mul.htm,kn12_27
s0511a.att.htm,kn12_28,s0511m.mul.htm,kn12_28
s0512a.att.htm,kn13_1,s0512m.mul.htm,kn13_1
s0512a.att.htm,kn13_2,s0512m.mul.htm,kn13_2
s0512a.att.htm,kn13_3,s0512m.mul.htm,kn13_3
s0513a1.att.htm,kn14_1,s0513m.mul.htm,kn14_1
s0513a2.att.htm,kn14_2,s0513m.mul.htm,kn14_2
s0513a2.att.htm,kn14_3,s0513m.mul.htm,kn14_3
s0513a3.att.htm,kn14_4,s0513m.mul.htm,kn14_4
s0513a3.att.htm,kn14_5,s0513m.mul.htm,kn14_5
s0513a3.att.htm,kn14_6,s0513m.mul.htm,kn14_6
s0513a3.att.htm,kn14_7,s0513m.mul.htm,kn14_7
s0513a3.att.htm,kn14_8,s0513m.mul.htm,kn14_8
s0513a3.att.htm,kn14_9,s0513m.mul.htm,kn14_9
s0513a4.att.htm,kn14_10,s0513m.mul.htm,kn14_10
s0513a4.att.htm,kn14_11,s0513m.mul.htm,kn14_11
s0513a4.att.htm,kn14_12,s0513m.mul.htm,kn14_12
s0513a4.att.htm,kn14_13,s0513m.mul.htm,kn14_13
s0513a4.att.htm,kn14_14,s0513m.mul.htm,kn14_14
s0513a4.att.htm,kn14_15,s0513m.mul.htm,kn14_15
s0513a4.att.htm,kn14_16,s0513m.mul.htm,kn14_16
s0514a1.att.htm,kn14b_17,s0514m.mul.htm,kn14b_17
s0514a1.att.htm,kn14b_18,s0514m.mul.htm,kn14b_18
s0514a1.att.htm,kn14b_19,s0514m.mul.htm,kn14b_19
s0514a1.att.htm,kn14b_20,s0514m.mul.htm,kn14b_20
s0514a1.att.htm,kn14b_21,s0514m.mul.htm,kn14b_21
s0514a2.att.htm,kn14b_22,s0514m.mul.htm,kn14b_22
s0514a3.att.htm,kn14b_23,s0514m.mul.htm,kn14b_23
s0515a.att.htm,a1,s0515m.mul.htm,a1
s0516a.att.htm,a1,s0516m.mul.htm,a1
s0517a.att.htm,a1,s0517m.mul.htm,a1
s0517a.att.htm,a2,s0517m.mul.htm,a2
s0517a.att.htm,a3,s0517m.mul.htm,a3
s0517a.att.htm,a4,s0517m.mul.htm,a4
s0519a.att.htm,a1,s0519m.mul.htm,a1
s0519a.att.htm,a2,s0519m.mul.htm,a2
s0519a.att.htm,a3,s0519m.mul.htm,a3
vin01a.att.htm,a1,vin01m.mul.htm,a1
vin01a.att.htm,a2,vin01m.mul.htm,a2
vin02a1.att.htm,a1,vin02m1.mul.htm,a1
vin02a2.att.htm,a2,vin02m2.mul.htm,a2
vin02a3.att.htm,a3,vin02m3.mul.htm,a3
vin02a4.att.htm,a4,vin02m4.mul.htm,a4
abh01a.att.htm,a1,abh01t.tik.htm,a1
abh01a.att.htm,a2,abh01t.tik.htm,a2
abh02a.att.htm,a1,abh02t.tik.htm,a1
abh03a.att.htm,a1,abh03t.tik.htm,a1
abh03a.att.htm,a2,abh03t.tik.htm,a2
abh03a.att.htm,a3,abh03t.tik.htm,a3
abh03a.att.htm,a4,abh03t.tik.htm,a4
abh03a.att.htm,a5,abh03t.tik.htm,a5
abh03a.att.htm,a6,abh03t.tik.htm,a6
abh03a.att.htm,a7,abh03t.tik.htm,a7
abh03a.att.htm,a8,abh03t.tik.htm,a8
abh03a.att.htm,a9,abh03t.tik.htm,a9
abh03a.att.htm,a10,abh03t.tik.htm,a10
abh03a.att.htm,a11,abh03t.tik.htm,a11
abh03a.att.htm,a12,abh03t.tik.htm,a12
abh03a.att.htm,a13,abh03t.tik.htm,a13
abh03a.att.htm,a14,abh03t.tik.htm,a14
abh03a.att.htm,a15,abh03t.tik.htm,a15
abh03a.att.htm,a16,abh03t.tik.htm,a16
abh03a.att.htm,a17,abh03t.tik.htm,a17
abh03a.att.htm,a18,abh03t.tik.htm,a18
s0101a.att.htm,a1,s0101t.tik.htm,a1
s0102a.att.htm,a1,s0102t.tik.htm,a1
s0103a.att.htm,a1,s0103t.tik.htm,a1
s0201a.att.htm,a1,s0201t.tik.htm,a1
s0202a.att.htm,a1,s0202t.tik.htm,a1
s0203a.att.htm,a1,s0203t.tik.htm,a1
s0301a.att.htm,a1,s0301t.tik.htm,a1
s0302a.att.htm,a1,s0302t.tik.htm,a1
s0303a.att.htm,a1,s0303t.tik.htm,a1
s0304a.att.htm,a1,s0304t.tik.htm,a1
s0305a.att.htm,a1,s0305t.tik.htm,a1
s0401a.att.htm,a1,s0401t.tik.htm,a1
s0402a.att.htm,a1,s0402t.tik.htm,a1
s0402a.att.htm,a2,s0402t.tik.htm,a2
s0402a.att.htm,a3,s0402t.tik.htm,a3
s0403a.att.htm,a1,s0403t.tik.htm,a1
s0403a.att.htm,a2,s0403t.tik.htm,a2
s0403a.att.htm,a3,s0403t.tik.htm,a3
s0404a.att.htm,a1,s0404t.tik.htm,a1
s0404a.att.htm,a2,s0404t.tik.htm,a2
s0404a.att.htm,a3,s0404t.tik.htm,a3
s0404a.att.htm,a4,s0404t.tik.htm,a4
s0519a.att.htm,a1,s0519t.tik.htm,a1
s0519a.att.htm,a2,s0519t.tik.htm,a2
s0519a.att.htm,a3,s0519t.tik.htm,a3
vin01a.att.htm,a1,vin01t1.tik.htm,a1
vin01a.att.htm,a2,vin01t2.tik.htm,a2
vin02a1.att.htm,a1,vin02t.tik.htm,a1
vin02a2.att.htm,a2,vin02t.tik.htm,a2
vin02a3.att.htm,a3,vin02t.tik.htm,a3
vin02a4.att.htm,a4,vin02t.tik.htm,a4
abh01t.tik.htm,a1,abh01m.mul.htm,a1
abh01t.tik.htm,a2,abh01m.mul.htm,a2
abh02t.tik.htm,a1,abh02m.mul.htm,a1
abh03t.tik.htm,a1,abh03m1.mul.htm,a1
abh03t.tik.htm,a2,abh03m2.mul.htm,a2
abh03t.tik.htm,a3,abh03m2.mul.htm,a3
abh03t.tik.htm,a4,abh03m3.mul.htm,a4
abh03t.tik.htm,a5,abh03m4.mul.htm,a5
abh03t.tik.htm,a6,abh03m4.mul.htm,a6
abh03t.tik.htm,a7,abh03m4.mul.htm,a7
abh03t.tik.htm,a8,abh03m4.mul.htm,a8
abh03t.tik.htm,a9,abh03m4.mul.htm,a9
abh03t.tik.htm,a10,abh03m5.mul.htm,a10
abh03t.tik.htm,a11,abh03m5.mul.htm,a11
abh03t.tik.htm,a12,abh03m5.mul.htm,a12
abh03t.tik.htm,a13,abh03m6.mul.htm,a13
abh03t.tik.htm,a14,abh03m6.mul.htm,a14
abh03t.tik.htm,a15,abh03m7.mul.htm,a15
abh03t.tik.htm,a16,abh03m7.mul.htm,a16
abh03t.tik.htm,a17,abh03m7.mul.htm,a17
abh03t.tik.htm,a18,abh03m7.mul.htm,a18
abh03t.tik.htm,a20,abh03m8.mul.htm,a20
abh03t.tik.htm,a21,abh03m8.mul.htm,a21
s0101t.tik.htm,a1,s0101m.mul.htm,a1
s0102t.tik.htm,a1,s0102m.mul.htm,a1
s0103t.tik.htm,a1,s0103m.mul.htm,a1
s0201t.tik.htm,a1,s0201m.mul.htm,a1
s0202t.tik.htm,a1,s0202m.mul.htm,a1
s0203t.tik.htm,a1,s0203m.mul.htm,a1
s0301t.tik.htm,a1,s0301m.mul.htm,a1
s0302t.tik.htm,a1,s0302m.mul.htm,a1
s0303t.tik.htm,a1,s0303m.mul.htm,a1
s0304t.tik.htm,a1,s0304m.mul.htm,a1
s0305t.tik.htm,a1,s0305m.mul.htm,a1
s0401t.tik.htm,a1,s0401m.mul.htm,a1
s0402t.tik.htm,a1,s0402m1.mul.htm,a1
s0402t.tik.htm,a2,s0402m2.mul.htm,a2
s0402t.tik.htm,a3,s0402m3.mul.htm,a3
s0403t.tik.htm,a1,s0403m1.mul.htm,a1
s0403t.tik.htm,a2,s0403m2.mul.htm,a2
s0403t.tik.htm,a3,s0403m3.mul.htm,a3
s0404t.tik.htm,a1,s0404m1.mul.htm,a1
s0404t.tik.htm,a2,s0404m2.mul.htm,a2
s0404t.tik.htm,a3,s0404m3.mul.htm,a3
s0404t.tik.htm,a4,s0404m4.mul.htm,a4
s0519t.tik.htm,a1,s0519m.mul.htm,a1
s0519t.tik.htm,a2,s0519m.mul.htm,a2
s0519t.tik.htm,a3,s0519m.mul.htm,a3
vin01t1.tik.htm,a1,vin01m.mul.htm,a1
vin01t2.tik.htm,a2,vin01m.mul.htm,a2
vin02t.tik.htm,a1,vin02m1.mul.htm,a1
vin02t.tik.htm,a2,vin02m2.mul.htm,a2
vin02t.tik.htm,a3,vin02m3.mul.htm,a3
vin02t.tik.htm,a4,vin02m4.mul.htm,a4
abh01t.tik.htm,a1,abh01a.att.htm,a1
abh01t.tik.htm,a2,abh01a.att.htm,a2
abh02t.tik.htm,a1,abh02a.att.htm,a1
abh03t.tik.htm,a1,abh03a.att.htm,a1
abh03t.tik.htm,a2,abh03a.att.htm,a2
abh03t.tik.htm,a3,abh03a.att.htm,a3
abh03t.tik.htm,a4,abh03a.att.htm,a4
abh03t.tik.htm,a5,abh03a.att.htm,a5
abh03t.tik.htm,a6,abh03a.att.htm,a6
abh03t.tik.htm,a7,abh03a.att.htm,a7
abh03t.tik.htm,a8,abh03a.att.htm,a8
abh03t.tik.htm,a9,abh03a.att.htm,a9
abh03t.tik.htm,a10,abh03a.att.htm,a10
abh03t.tik.htm,a11,abh03a.att.htm,a11
abh03t.tik.htm,a12,abh03a.att.htm,a12
abh03t.tik.htm,a13,abh03a.att.htm,a13
abh03t.tik.htm,a14,abh03a.att.htm,a14
abh03t.tik.htm,a15,abh03a.att.htm,a15
abh03t.tik.htm,a16,abh03a.att.htm,a16
abh03t.tik.htm,a17,abh03a.att.htm,a17
abh03t.tik.htm,a18,abh03a.att.htm,a18
s0101t.tik.htm,a1,s0101a.att.htm,a1
s0102t.tik.htm,a1,s0102a.att.htm,a1
s0103t.tik.htm,a1,s0103a.att.htm,a1
s0201t.tik.htm,a1,s0201a.att.htm,a1
s0202t.tik.htm,a1,s0202a.att.htm,a1
s0203t.tik.htm,a1,s0203a.att.htm,a1
s0301t.tik.htm,a1,s0301a.att.htm,a1
s0302t.tik.htm,a1,s0302a.att.htm,a1
s0303t.tik.htm,a1,s0303a.att.htm,a1
s0304t.tik.htm,a1,s0304a.att.htm,a1
s0305t.tik.htm,a1,s0305a.att.htm,a1
s0401t.tik.htm,a1,s0401a.att.htm,a1
s0402t.tik.htm,a1,s0402a.att.htm,a1
s0402t.tik.htm,a2,s0402a.att.htm,a2
s0402t.tik.htm,a3,s0402a.att.htm,a3
s0403t.tik.htm,a1,s0403a.att.htm,a1
s0403t.tik.htm,a2,s0403a.att.htm,a2
s0403t.tik.htm,a3,s0403a.att.htm,a3
s0404t.tik.htm,a1,s0404a.att.htm,a1
s0404t.tik.htm,a2,s0404a.att.htm,a2
s0404t.tik.htm,a3,s0404a.att.htm,a3
s0404t.tik.htm,a4,s0404a.att.htm,a4
s0519t.tik.htm,a1,s0519a.att.htm,a1
s0519t.tik.htm,a2,s0519a.att.htm,a2
s0519t.tik.htm,a3,s0519a.att.htm,a3
vin01t1.tik.htm,a1,vin01a.att.htm,a1
vin01t2.tik.htm,a2,vin01a.att.htm,a2
vin02t.tik.htm,a1,vin02a1.att.htm,a1
vin02t.tik.htm,a2,vin02a2.att.htm,a2
vin02t.tik.htm,a3,vin02a3.att.htm,a3
vin02t.tik.htm,a4,vin02a4.att.htm,a4
